{"numEmpleados": 2, "numOrdenes": 14, "numDiasOperacion": 2, "numHabilidades": 1, "tiempoDesplazamiento": [[0, 0.5071343138444794, 0.23955720948541834, 0.21425155809201793, 0.44480201602617564, 0.27751704315210374, 0.4568726690233655, 0.15771802114543956, 0.22232813558692613, 0.2916172404996485, 0.5044448278217454, 0.2839392065534095, 0.03475053493490315, 0.09555120967211021, 0.05495285019790394], [0.5071343138444794, 0, 0.3375007382271387, 0.35435815705848794, 0.31317661508014394, 0.3137939472156134, 0.1782767127423355, 0.39444472970649463, 0.34155401981454303, 0.33544862346915466, 0.1505417241604908, 0.3245013759479684, 0.5221016481444314, 0.44208016075404805, 0.4547934517715982], [0.23955720948541834, 0.3375007382271387, 0, 0.025555325288801375, 0.2061447986351279, 0.03834155707016735, 0.23150484760780066, 0.08266385127276889, 0.01856208739983483, 0.056439845102791784, 0.2845790373753542, 0.04516551660366335, 0.23567183321845395, 0.1458133020542652, 0.20945104931062594], [0.21425155809201793, 0.35435815705848794, 0.025555325288801375, 0, 0.23093624121287135, 0.06389386956435485, 0.25558096795705854, 0.05711433886131823, 0.012826737201392496, 0.07914478900796595, 0.308091532141461, 0.06980478212117978, 0.21011900874952938, 0.12027510068488549, 0.1855338364547514], [0.44480201602617564, 0.31317661508014394, 0.2061447986351279, 0.23093624121287135, 0, 0.16962199002821754, 0.13561179066844056, 0.2870841110405966, 0.22422183183359637, 0.1534192961062841, 0.17948424066583388, 0.16114526984120073, 0.43772714009465735, 0.34977022599326507, 0.41527890669916423], [0.27751704315210374, 0.3137939472156134, 0.03834155707016735, 0.06389386956435485, 0.16962199002821754, 0, 0.1957781480017964, 0.12098694158723987, 0.0552341611173476, 0.03261635006846717, 0.24971049696008218, 0.016215782923059804, 0.2740126692178389, 0.1841121107629338, 0.24573302864752322], [0.4568726690233655, 0.1782767127423355, 0.23150484760780066, 0.25558096795705854, 0.13561179066844056, 0.1957781480017964, 0, 0.3098458771321874, 0.24403713056690443, 0.2029776232751268, 0.055251660143886154, 0.19894558078460256, 0.46017362906075626, 0.3704279292596903, 0.4144563125908962], [0.15771802114543956, 0.39444472970649463, 0.08266385127276889, 0.05711433886131823, 0.2870841110405966, 0.12098694158723987, 0.3098458771321874, 0, 0.06676396727238938, 0.13398667534589936, 0.3611584604016785, 0.12635831689036564, 0.15306890186223596, 0.06317243248624757, 0.13354469794807572], [0.22232813558692613, 0.34155401981454303, 0.01856208739983483, 0.012826737201392496, 0.22422183183359637, 0.0552341611173476, 0.24403713056690443, 0.06676396727238938, 0, 0.07496449049583329, 0.2962118012407449, 0.06355229591512328, 0.2196789753157903, 0.12949560174026467, 0.19115219743046416], [0.2916172404996485, 0.33544862346915466, 0.056439845102791784, 0.07914478900796595, 0.1534192961062841, 0.03261635006846717, 0.2029776232751268, 0.13398667534589936, 0.07496449049583329, 0, 0.25806113252988033, 0.01640380090801313, 0.2844314773409741, 0.19640309202014583, 0.2646740454057992], [0.5044448278217454, 0.1505417241604908, 0.2845790373753542, 0.308091532141461, 0.17948424066583388, 0.24971049696008218, 0.055251660143886154, 0.3611584604016785, 0.2962118012407449, 0.25806113252988033, 0, 0.253593792115373, 0.5096328687873782, 0.4205534945633966, 0.45984357122831954], [0.2839392065534095, 0.3245013759479684, 0.04516551660366335, 0.06980478212117978, 0.16114526984120073, 0.016215782923059804, 0.19894558078460256, 0.12635831689036564, 0.06355229591512328, 0.01640380090801313, 0.253593792115373, 0, 0.2785464398145846, 0.18940882055634747, 0.25461646619571465], [0.03475053493490315, 0.5221016481444314, 0.23567183321845395, 0.21011900874952938, 0.43772714009465735, 0.2740126692178389, 0.46017362906075626, 0.15306890186223596, 0.2196789753157903, 0.2844314773409741, 0.5096328687873782, 0.2785464398145846, 0, 0.0902702178922901, 0.08190707817553756], [0.09555120967211021, 0.44208016075404805, 0.1458133020542652, 0.12027510068488549, 0.34977022599326507, 0.1841121107629338, 0.3704279292596903, 0.06317243248624757, 0.12949560174026467, 0.19640309202014583, 0.4205534945633966, 0.18940882055634747, 0.0902702178922901, 0, 0.08283445617448411], [0.05495285019790394, 0.4547934517715982, 0.20945104931062594, 0.1855338364547514, 0.41527890669916423, 0.24573302864752322, 0.4144563125908962, 0.13354469794807572, 0.19115219743046416, 0.2646740454057992, 0.45984357122831954, 0.25461646619571465, 0.08190707817553756, 0.08283445617448411, 0]], "tiempoAtencion": [0.25, 0.25, 0.25, 0.25, 0.25, 0.25, 0.25, 0.25, 0.25, 0.25, 0.25, 0.25, 0.25, 0.25, 0.25], "habilidadesOperarios": [[1], [1]], "habilidadesOrdenes": [[1], [1], [1], [1], [1], [1], [1], [1], [1], [1], [1], [1], [1], [1], [1]], "porcentajeCumplimientoHabilidades": 1, "horasTrabajo": [[9, 9], [9, 9]]}