{"numEmpleados": 2, "numOrdenes": 29, "numDiasOperacion": 2, "numHabilidades": 1, "tiempoDesplazamiento": [[0, 1.1321343138444793, 0.8645572094854184, 0.8392515580920179, 1.0698020160261756, 0.9025170431521037, 1.0818726690233655, 0.7827180211454395, 0.8473281355869261, 0.9166172404996485, 1.1294448278217455, 0.9089392065534095, 0.6597505349349032, 0.7205512096721103, 0.6799528501979039, 1.0545666755716585, 0.8548962687404024, 1.1746880658654828, 1.0664942040431415, 0.9106325954178572, 1.1642730197415971, 1.1419371748341922, 0.8999878406007583, 1.0131312862262674, 1.0918033086466765, 1.0508277536503325, 1.0519424592711848, 0.7616389869346768, 0.7135937923290129, 0.6551201811977851], [1.1321343138444793, 0, 0.9625007382271388, 0.9793581570584879, 0.9381766150801439, 0.9387939472156134, 0.8032767127423356, 1.0194447297064946, 0.9665540198145429, 0.9604486234691546, 0.7755417241604908, 0.9495013759479685, 1.1471016481444314, 1.067080160754048, 1.0797934517715981, 0.7528371062749022, 1.040034905720166, 0.80072974036921, 0.7527168087505335, 1.0001528433042888, 0.7224471608288395, 0.7606767886399847, 0.9401523970093152, 0.8757134277679226, 0.6655036923681367, 0.7762813195289944, 0.774404093297571, 1.0440228143663548, 1.0627711074412147, 1.1236964432683807], [0.8645572094854184, 0.9625007382271388, 0, 0.6505553252888013, 0.8311447986351279, 0.6633415570701674, 0.8565048476078007, 0.7076638512727689, 0.6435620873998348, 0.6814398451027918, 0.9095790373753543, 0.6701655166036633, 0.8606718332184539, 0.7708133020542652, 0.834451049310626, 0.8505099114035172, 0.7048938127010551, 0.9506623424883625, 0.859230966483377, 0.698452065203727, 0.9605486005863492, 0.9260397116947416, 0.6608099289322139, 0.776451261255014, 0.9275873623045982, 0.8378135686953966, 0.8394122399695897, 0.7320419488127144, 0.7759814233601401, 0.8415344731576188], [0.8392515580920179, 0.9793581570584879, 0.6505553252888013, 0, 0.8559362412128714, 0.6888938695643548, 0.8805809679570585, 0.6821143388613183, 0.6378267372013925, 0.704144789007966, 0.9330915321414611, 0.6948047821211798, 0.8351190087495294, 0.7452751006848856, 0.8105338364547515, 0.8712741774454057, 0.6982490123600881, 0.9748319197448438, 0.880590332676156, 0.7122820717903182, 0.982093031499563, 0.9490774680235826, 0.6863609958487951, 0.8018571318101069, 0.9432737527099757, 0.8598884289548713, 0.861423784384376, 0.7065839058643953, 0.7506577715197301, 0.8160110824328849], [1.0698020160261756, 0.9381766150801439, 0.8311447986351279, 0.8559362412128714, 0, 0.7946219900282175, 0.7606117906684405, 0.9120841110405967, 0.8492218318335963, 0.778419296106284, 0.8044842406658339, 0.7861452698412007, 1.0627271400946574, 0.974770225993265, 1.0402789066991642, 0.816333717365274, 0.8577750572808847, 0.8198584944614056, 0.8123631868606246, 0.7940774675347759, 0.8770953626949846, 0.8256261996896632, 0.797057714216054, 0.7108455519086982, 0.9235751180631816, 0.7915867700505675, 0.793231151303449, 0.9342240184822749, 0.9813102286641474, 1.0452909187120898], [0.9025170431521037, 0.9387939472156134, 0.6633415570701674, 0.6888938695643548, 0.7946219900282175, 0, 0.8207781480017964, 0.7459869415872399, 0.6802341611173476, 0.6576163500684672, 0.8747104969600822, 0.6412157829230598, 0.8990126692178388, 0.8091121107629338, 0.8707330286475233, 0.8209616221709842, 0.7273229645490731, 0.9145665064607723, 0.8285090329738126, 0.6929103327158058, 0.9289328764073422, 0.8919581302915015, 0.6275361270600612, 0.7383514685818221, 0.9061185562495585, 0.8059512180086159, 0.8076546773024053, 0.7703386936621452, 0.8140119973794415, 0.8798034166552661], [1.0818726690233655, 0.8032767127423356, 0.8565048476078007, 0.8805809679570585, 0.7606117906684405, 0.8207781480017964, 0, 0.9348458771321875, 0.8690371305669045, 0.8279776232751268, 0.680251660143886, 0.8239455807846024, 1.0851736290607563, 0.9954279292596903, 1.0394563125908962, 0.6923556585533431, 0.9183110401363656, 0.7192679074556682, 0.6832527093448112, 0.862825619457967, 0.746854257473904, 0.6999185711899633, 0.8230504093203016, 0.7170252288612703, 0.7928851910014177, 0.6726054529295076, 0.6731738854447812, 0.9606063640038514, 0.9968936218391979, 1.063808615719198], [0.7827180211454395, 1.0194447297064946, 0.7076638512727689, 0.6821143388613183, 0.9120841110405967, 0.7459869415872399, 0.9348458771321875, 0, 0.6917639672723893, 0.7589866753458994, 0.9861584604016785, 0.7513583168903657, 0.7780689018622359, 0.6881724324862476, 0.7585446979480758, 0.9197140913223585, 0.7145918718537939, 1.0290526655599108, 0.930006135954866, 0.7572927314102706, 1.0312399919615107, 1.001200042639665, 0.7434521337772141, 0.8586302757015329, 0.9814556412290427, 0.910734394048981, 0.9121471142070202, 0.6509278568965244, 0.6943189242785167, 0.7589277148019686], [0.8473281355869261, 0.9665540198145429, 0.6435620873998348, 0.6378267372013925, 0.8492218318335963, 0.6802341611173476, 0.8690371305669045, 0.6917639672723893, 0, 0.6999644904958333, 0.9212118012407449, 0.6885522959151232, 0.8446789753157903, 0.7544956017402646, 0.8161521974304642, 0.8586500731153038, 0.7084071733946148, 0.9633050366769854, 0.8680645736822591, 0.7140287224857511, 0.9695764874898917, 0.9369900904249221, 0.677714041156913, 0.7919481815217907, 0.9305323582779379, 0.8475340819759496, 0.8490522306900129, 0.7170204778515292, 0.7588896222834128, 0.824999978463119], [0.9166172404996485, 0.9604486234691546, 0.6814398451027918, 0.704144789007966, 0.778419296106284, 0.6576163500684672, 0.8279776232751268, 0.7589866753458994, 0.6999644904958333, 0, 0.8830611325298804, 0.6414038009080131, 0.9094314773409741, 0.8214030920201458, 0.8896740454057991, 0.8381979013504908, 0.7156403164609819, 0.9196819696177078, 0.844182447895582, 0.6648514820188869, 0.9422641609503394, 0.9016615637987083, 0.6585033539197486, 0.7386991177991765, 0.9296910515408431, 0.820492248089479, 0.8223098399236416, 0.780804894450453, 0.8283044768026865, 0.8918738312792504], [1.1294448278217455, 0.7755417241604908, 0.9095790373753543, 0.9330915321414611, 0.8044842406658339, 0.8747104969600822, 0.680251660143886, 0.9861584604016785, 0.9212118012407449, 0.8830611325298804, 0, 0.8785937921153729, 1.1346328687873781, 1.0455534945633966, 1.0848435712283195, 0.7087387043566697, 0.9732361828454573, 0.6722157386297308, 0.6953670464052614, 0.9180772796002333, 0.697760193829115, 0.6462354818649748, 0.8769178245368717, 0.7721244167810831, 0.777801243561043, 0.7043554330102255, 0.7035051939436667, 1.0120469158946868, 1.0461504033631368, 1.11278264271309], [0.9089392065534095, 0.9495013759479685, 0.6701655166036633, 0.6948047821211798, 0.7861452698412007, 0.6412157829230598, 0.8239455807846024, 0.7513583168903657, 0.6885522959151232, 0.6414038009080131, 0.8785937921153729, 0, 0.9035464398145846, 0.8144088205563476, 0.8796164661957148, 0.8292558292648851, 0.7200928667408325, 0.9168919425698364, 0.8360173401473986, 0.6782050051842797, 0.935412822417058, 0.8965547917824929, 0.6421533087171974, 0.7375766298813637, 0.9177785410946445, 0.8128182604167176, 0.8145855254348707, 0.7745297832978495, 0.8203621291205966, 0.8851501246430892], [0.6597505349349032, 1.1471016481444314, 0.8606718332184539, 0.8351190087495294, 1.0627271400946574, 0.8990126692178388, 1.0851736290607563, 0.7780689018622359, 0.8446789753157903, 0.9094314773409741, 1.1346328687873781, 0.9035464398145846, 0, 0.7152702178922902, 0.7069070781755377, 1.0626780291843803, 0.8396267657964017, 1.1789016361529037, 1.0741037310415846, 0.8988561693075661, 1.1735208630146758, 1.1482428318622018, 0.8964799865999006, 1.011626980382668, 1.1070879716021178, 1.05702160742458, 1.0582565503636878, 0.7540178949476836, 0.7134888264063876, 0.6484715182718396], [0.7205512096721103, 1.067080160754048, 0.7708133020542652, 0.7452751006848856, 0.974770225993265, 0.8091121107629338, 0.9954279292596903, 0.6881724324862476, 0.7544956017402646, 0.8214030920201458, 1.0455534945633966, 0.8144088205563476, 0.7152702178922902, 0, 0.707834456174484, 0.975607109117389, 0.7622005655994372, 